,precision,recall,f1-score,support
0,0.9864864864864865,1.0,0.9931972789115646,73.0
1,0.0,0.0,0.0,1.0
accuracy,0.9864864864864865,0.9864864864864865,0.9864864864864865,0.9864864864864865
macro avg,0.49324324324324326,0.5,0.4965986394557823,74.0
weighted avg,0.9731555880204529,0.9864864864864865,0.9797756940614083,74.0
